SurfaceArea,WallArea,RoofArea,Height,Glazing,HeatingLoad
542.3,249.3,140.3,4.0,2.9,35.54
559.7,397.6,119.6,4.9,0.1,34.07
346.7,331.4,112.9,3.9,2.6,31.37
498.4,282.7,174.8,6.6,0.0,40.75
619.7,364.4,147.4,3.7,3.8,38.24
401.5,260.9,120.6,6.8,2.4,36.9
620.3,369.8,169.0,7.4,1.5,48.62
501.7,386.8,178.0,6.9,2.3,45.19
572.6,252.8,135.1,4.3,0.3,30.91
353.2,262.3,140.6,5.9,1.5,34.71
417.1,280.8,139.4,7.2,2.6,39.1
528.2,274.3,190.2,3.7,1.5,32.86
705.1,354.4,171.3,6.1,3.4,47.1
605.8,284.2,113.5,4.4,1.1,29.74
343.1,406.2,206.4,4.4,2.6,32.66
429.0,401.4,160.5,4.2,1.0,31.9
506.0,289.9,174.3,7.0,1.6,39.31
347.0,415.6,166.0,3.4,0.2,29.24
296.0,352.3,197.1,4.9,0.3,29.97
422.5,415.3,168.2,7.4,3.4,42.18
250.3,368.2,185.0,5.4,1.1,36.01
543.0,264.1,157.8,5.0,3.8,38.88
652.3,290.0,165.1,3.8,3.7,39.19
649.8,296.0,180.3,5.7,0.6,36.95
599.6,337.2,195.6,5.4,0.0,37.29
395.7,248.3,212.2,7.0,3.3,42.8
388.0,254.9,206.6,7.3,0.3,36.25
471.0,256.8,193.7,6.4,0.5,38.52
466.0,339.0,139.2,6.9,1.7,38.57
343.5,337.2,190.3,3.9,1.2,30.51
707.7,356.1,158.2,5.3,0.5,38.62
349.5,302.8,174.7,4.0,0.9,33.57
278.0,352.9,135.2,7.1,3.4,39.08
277.9,285.7,183.6,4.0,0.5,25.82
680.0,342.6,162.0,6.5,3.2,47.91
333.5,261.6,157.4,4.9,1.9,29.55
584.0,360.1,218.3,3.4,1.6,37.13
402.8,392.3,137.4,3.9,1.8,27.97
441.2,292.6,137.5,7.2,1.8,36.76
645.5,339.1,115.6,7.5,3.3,46.71
695.6,403.4,203.4,3.7,1.9,41.68
344.4,313.6,116.4,4.7,3.9,34.19
368.3,379.1,160.1,4.9,3.8,37.18
707.9,340.0,189.0,3.7,1.2,37.27
695.4,344.0,169.6,6.4,0.2,39.19
516.6,331.0,203.8,3.7,3.8,36.96
282.3,276.8,175.5,6.0,0.9,32.25
300.7,397.2,137.1,5.7,2.5,37.57
439.9,344.8,167.5,7.2,0.8,40.56
578.0,285.8,153.5,6.0,1.2,35.26
392.0,373.6,118.0,5.1,4.0,37.56
708.2,257.5,133.4,4.2,3.7,38.64
654.6,395.4,150.6,3.7,3.3,37.89
572.1,349.6,218.6,5.9,0.0,41.4
625.0,296.2,183.0,7.2,0.5,45.07
298.7,263.3,170.9,4.2,2.4,32.72
578.7,279.8,179.8,4.2,2.0,34.78
666.0,389.7,120.2,4.9,1.1,37.26
246.6,376.9,180.1,4.2,3.0,33.45
501.5,318.1,111.1,3.3,3.5,34.7
665.3,338.3,201.8,5.6,0.6,40.39
304.3,297.7,208.9,6.6,3.4,40.14
663.0,280.9,137.4,3.5,3.1,34.16
656.1,314.5,178.3,3.7,3.7,37.38
647.0,411.9,199.2,7.0,0.1,46.36
587.5,301.8,212.4,6.6,3.5,49.24
622.0,290.6,196.6,3.5,3.5,38.52
644.2,283.0,199.8,5.1,1.2,41.68
614.8,283.9,112.6,3.9,1.3,33.48
646.9,410.3,140.7,5.9,1.6,40.58
701.2,336.7,213.3,3.5,3.9,42.93
328.0,409.6,139.2,3.5,1.7,32.65
583.8,298.6,176.7,5.3,1.5,38.65
513.1,288.6,188.0,3.0,3.7,38.29
495.4,368.0,191.6,6.0,1.5,35.1
277.5,358.6,146.3,4.4,3.4,34.52
579.7,296.4,144.0,4.8,1.6,36.37
382.5,266.8,156.2,7.2,2.7,39.35
664.8,350.3,143.1,5.5,0.0,38.21
378.4,318.5,173.8,5.9,1.9,32.92
450.6,281.5,162.1,7.1,3.2,41.83
323.9,259.5,166.7,5.8,1.3,34.2
625.6,373.4,184.0,4.0,0.8,39.63
256.4,286.9,162.3,6.8,0.3,32.34
437.7,352.7,131.4,6.1,2.0,35.93
358.5,357.2,110.6,6.4,3.1,36.6
294.6,317.7,129.3,7.3,2.1,39.06
268.4,287.6,203.3,5.1,3.2,36.02
555.4,413.9,175.5,7.3,3.6,46.93
529.9,368.0,165.5,6.7,2.2,43.81
662.2,372.2,162.2,4.2,1.0,37.51
541.5,376.0,167.3,5.8,1.1,41.25
281.0,293.9,139.9,4.4,2.2,28.52
309.3,284.5,186.3,6.2,0.3,33.2
434.5,337.8,155.7,3.9,1.7,31.5
665.7,344.9,186.5,6.9,3.1,44.92
421.9,246.0,148.7,6.4,3.4,39.77
688.3,316.7,192.2,5.5,2.4,44.08
347.6,282.5,157.9,3.1,1.3,27.22
560.8,314.1,128.2,5.1,0.5,34.09
534.3,249.6,153.3,5.5,0.1,31.63
543.9,268.2,160.8,3.2,1.5,30.74
343.4,300.9,193.7,4.7,3.0,34.69
631.8,288.1,119.0,3.1,2.2,31.16
710.0,304.8,181.5,6.5,2.6,45.86
595.7,407.4,131.9,3.1,0.6,32.76
303.7,359.5,172.0,4.0,2.8,36.32
601.6,273.7,176.8,6.4,0.5,40.31
626.0,410.0,121.9,3.1,1.2,33.61
560.0,408.8,153.6,6.2,0.3,39.28
566.1,352.3,121.2,6.5,3.4,38.97
524.2,265.7,218.2,6.5,1.4,41.49
444.2,308.4,165.7,4.5,3.4,36.61
627.4,263.0,215.7,5.9,3.3,49.75
573.9,319.5,190.7,7.3,1.1,43.41
620.8,337.0,163.2,5.0,2.9,41.45
369.8,390.6,201.4,3.4,3.5,34.99
358.4,324.5,177.1,4.7,0.1,28.68
640.7,276.1,133.3,6.6,1.4,43.17
654.3,364.9,140.4,3.0,3.8,38.88
284.8,368.1,163.7,6.4,2.8,39.55
545.3,328.9,197.2,3.4,0.9,31.76
566.7,297.4,174.0,5.1,2.1,41.46
442.9,372.6,146.4,6.2,1.1,34.65
361.9,265.6,131.2,3.5,2.1,29.54
599.4,276.7,133.8,5.2,2.9,43.22
699.1,334.7,141.1,3.5,0.8,32.62
350.8,275.7,111.6,5.4,1.1,29.63
698.0,339.6,186.7,3.6,3.5,40.97
473.3,394.2,173.1,5.1,1.8,36.75
330.7,253.8,213.5,5.1,3.3,33.56
431.3,257.7,179.2,3.2,0.6,28.7
506.7,297.0,219.3,3.5,3.1,34.64
526.9,380.2,134.8,5.4,1.8,38.78
450.9,392.1,218.9,4.4,2.5,36.57
528.5,371.6,214.2,3.9,0.8,38.76
552.1,271.9,129.1,3.3,0.0,26.97
454.5,346.5,142.0,4.0,2.8,33.52
571.9,322.6,185.6,7.2,3.2,48.13
535.7,358.1,212.7,4.9,2.2,37.68
546.2,400.3,200.9,3.3,0.7,34.72
388.0,373.1,172.6,4.3,0.5,34.37
565.2,364.7,213.7,5.3,2.0,38.36
282.4,251.8,157.5,4.5,1.0,28.84
287.5,409.5,202.0,5.6,3.8,40.19
709.8,360.0,139.6,3.2,3.0,39.24
463.8,356.4,210.8,3.8,2.3,33.53
540.2,329.1,120.0,4.6,1.3,31.35
556.6,391.7,146.3,6.1,1.2,40.95
684.5,384.1,170.5,5.0,1.3,41.32
395.3,410.9,154.5,5.3,4.0,40.0
550.8,337.8,155.5,3.8,1.4,34.6
596.7,351.9,193.6,3.9,2.2,36.65
676.4,319.9,186.8,3.5,3.9,40.86
528.1,285.9,127.4,5.5,2.2,37.58
288.3,414.7,210.4,5.1,0.5,32.47
631.9,330.2,188.8,5.3,1.1,43.77
633.1,412.6,136.8,5.5,1.5,41.27
673.7,331.9,206.7,6.9,1.1,43.24
612.4,316.0,212.8,5.3,3.3,45.01
376.5,296.1,174.6,7.5,2.0,38.76
314.1,337.1,148.0,5.5,2.2,35.88
456.7,300.0,130.8,6.1,2.3,39.88
353.6,377.6,114.8,6.4,2.8,35.89
622.3,311.0,183.0,6.7,3.9,48.96
475.3,251.3,165.3,5.7,3.5,40.21
651.5,320.3,167.9,5.1,2.9,43.29
435.6,357.0,127.0,5.1,3.9,41.54
402.4,363.5,181.5,6.8,3.4,42.37
644.6,310.0,144.8,6.2,3.0,41.83
650.7,251.1,117.5,5.8,3.7,39.75
708.8,372.7,157.7,3.4,2.5,36.69
650.7,320.9,186.3,7.1,0.2,43.18
615.2,295.2,151.2,3.7,2.1,35.86
508.2,380.5,128.7,3.4,3.5,35.32
533.2,286.2,210.4,3.6,1.8,36.73
363.1,288.7,111.0,6.6,3.6,37.96
560.1,272.0,158.6,4.6,2.4,39.63
542.1,317.6,137.5,6.8,0.8,38.78
423.9,327.6,136.1,5.6,2.3,41.73
706.6,295.5,217.6,6.0,1.1,45.17
508.2,362.3,191.9,3.2,2.4,33.16
476.0,399.6,141.5,6.6,2.4,39.13
408.8,353.9,178.3,6.0,2.9,40.93
551.5,388.4,179.1,7.1,2.6,45.22
388.7,320.4,173.8,6.3,0.4,37.31
382.2,372.8,129.3,3.6,2.2,31.65
696.7,335.8,210.5,6.7,1.0,45.5
628.5,327.4,198.7,6.4,1.4,41.84
298.6,409.7,125.5,7.3,3.4,37.46
581.8,412.6,216.4,6.6,1.5,44.34
612.7,247.4,169.0,5.0,2.7,40.99
557.6,345.0,200.5,7.2,0.4,43.38
353.7,249.3,207.3,5.5,3.7,35.91
347.9,255.8,200.6,7.1,1.2,38.72
434.9,268.9,214.1,4.4,2.0,36.07
290.2,396.7,124.9,5.0,2.7,31.53
590.6,406.8,156.1,6.3,0.6,41.12
437.9,261.9,163.8,4.8,3.8,37.05
260.2,308.4,158.8,7.3,3.4,37.25
291.2,362.3,169.9,7.4,1.4,39.37
430.1,277.5,123.4,6.8,1.8,38.52
553.2,354.7,175.7,3.1,3.1,37.98
358.3,266.5,172.1,3.3,3.1,33.06
341.3,281.9,205.7,4.5,0.6,28.68
663.7,245.5,204.4,3.7,0.5,33.26
361.6,274.8,182.7,3.1,0.1,27.59
612.3,285.7,145.6,3.8,0.2,33.18
589.9,335.0,192.0,5.1,3.1,42.93
483.7,263.6,165.4,7.3,0.2,46.5
609.2,393.3,167.4,5.1,3.9,44.52
273.3,326.9,154.2,6.1,2.0,37.06
668.0,257.6,118.9,5.7,0.3,38.59
372.9,353.3,170.3,4.5,4.0,38.12
491.7,322.6,176.6,3.4,2.8,33.81
641.5,356.3,194.6,6.2,0.9,44.33
455.0,284.1,147.3,5.0,1.7,32.76
289.2,318.0,183.2,4.7,0.6,30.06
674.2,256.5,201.5,3.4,0.4,33.52
588.5,383.8,171.2,5.6,2.2,41.84
398.3,265.9,148.9,6.0,3.0,42.04
648.7,368.3,216.5,5.7,1.4,39.77
513.7,281.4,182.2,4.0,0.4,33.76
638.1,307.9,193.9,5.6,3.2,40.71
638.0,411.6,200.0,5.8,2.6,44.39
257.2,403.9,201.2,4.2,0.7,32.98
571.8,297.8,147.4,3.0,3.5,34.68
508.3,313.5,125.6,5.8,0.1,32.39
591.9,281.8,156.2,4.5,1.5,34.38
580.5,377.8,172.4,3.4,0.2,34.33
318.2,350.7,184.1,4.2,2.6,31.93
470.8,320.6,140.0,6.4,0.5,37.01
444.9,293.4,184.6,5.2,2.7,37.82
266.1,312.6,175.9,3.0,1.2,25.04
343.2,268.5,138.1,4.5,0.0,31.95
592.4,275.0,151.8,6.2,2.0,41.81
632.5,382.9,117.9,6.9,0.2,36.61
253.7,402.5,204.8,5.6,2.3,37.13
574.9,316.4,122.7,3.1,1.3,29.53
617.6,350.7,201.5,7.1,0.4,45.73
637.7,286.6,174.8,5.4,1.6,38.36
389.3,303.1,146.6,3.8,2.0,30.47
298.0,332.2,209.7,4.6,2.9,36.19
625.8,384.4,136.0,3.7,0.8,35.9
525.1,375.0,182.1,3.8,3.1,35.16
474.8,374.0,193.6,5.0,3.7,40.23
507.5,353.6,178.7,6.9,2.5,42.65
315.2,256.7,158.6,4.4,1.1,27.84
271.1,331.8,144.1,5.0,0.2,32.49
631.7,258.1,205.1,6.8,2.5,46.27
480.8,324.1,171.0,6.6,3.6,40.7
454.1,383.5,181.7,4.4,1.9,37.79
315.2,255.6,121.4,7.0,1.4,38.84
577.2,331.3,129.0,4.1,1.8,36.69
449.3,334.4,127.5,4.7,1.1,29.46
435.1,302.9,175.8,6.6,2.6,39.71
275.6,261.2,184.6,4.3,2.9,34.45
550.3,400.0,206.1,4.5,2.3,38.53
310.8,304.8,216.4,6.1,1.6,37.98
521.7,405.4,144.1,4.7,3.2,40.38
623.1,359.6,201.2,6.3,2.7,43.85
489.8,355.5,156.6,4.6,1.5,35.02
328.8,281.6,214.2,5.2,0.9,27.24
309.0,258.2,202.9,3.5,3.1,29.52
633.3,396.1,114.2,4.5,3.1,38.57
305.9,309.4,127.8,6.7,3.1,34.78
621.2,273.3,158.1,4.8,2.7,42.16
355.5,321.0,141.3,6.4,1.8,33.42
493.3,297.9,198.9,5.1,3.3,39.11
416.0,407.0,218.3,5.1,1.1,37.82
422.6,335.2,216.3,6.7,3.2,46.56
309.4,287.8,180.5,6.9,2.2,35.4
292.7,389.6,203.6,4.3,3.1,37.57
371.8,399.8,126.2,5.0,3.8,36.7
348.2,322.1,148.5,3.1,0.2,23.82
478.4,285.3,219.4,4.7,0.1,35.45
677.8,388.5,181.5,6.6,0.6,44.44
378.4,386.9,186.6,3.6,2.8,32.84
453.6,245.9,118.7,4.2,3.3,33.1
500.2,369.4,168.1,3.5,1.2,32.05
385.0,253.2,156.2,6.6,1.8,37.17
296.5,399.8,175.6,3.1,2.1,31.18
357.5,269.6,157.2,5.8,1.0,36.65
438.7,358.6,119.4,7.4,0.3,35.4
489.6,331.8,218.7,5.5,1.6,43.93
463.6,353.7,217.9,4.1,0.1,29.79
611.7,304.0,190.6,5.8,3.1,43.26
586.9,301.9,114.9,5.5,3.3,40.74
326.4,378.2,161.1,6.1,2.5,38.21
622.3,255.8,195.4,5.1,1.2,37.4
265.4,279.1,114.6,7.2,2.1,34.81
704.9,337.9,137.9,6.4,0.8,40.9
411.0,378.5,205.2,4.5,0.5,32.93
416.1,397.1,191.8,7.0,1.5,43.4
697.8,329.9,164.7,7.2,2.1,47.36
617.5,369.3,118.7,5.7,3.3,40.45
498.6,299.9,118.8,6.0,1.2,37.82
525.2,317.9,185.9,4.6,0.2,35.12
649.6,305.3,219.8,4.2,3.9,44.34
685.8,257.8,180.1,4.6,3.2,42.35
560.9,407.9,125.7,5.7,3.1,39.61
261.2,256.5,195.6,4.6,1.5,29.53
508.8,348.5,184.7,7.3,1.5,44.79
599.8,343.1,168.2,4.8,2.6,40.99
361.1,264.4,190.9,5.2,1.5,34.03
506.2,289.8,138.6,5.0,4.0,38.75
377.8,401.7,164.0,3.6,3.4,36.8
455.2,398.7,159.0,3.4,2.7,32.81
638.2,299.6,148.2,3.3,2.2,35.83
659.5,390.6,188.3,7.2,2.6,48.08
614.1,332.0,123.3,3.9,0.6,32.41
612.5,249.5,170.9,4.7,3.2,41.58
501.5,349.6,119.5,4.4,4.0,38.7
579.3,334.9,194.6,6.7,0.3,43.22
697.2,354.8,159.5,6.1,1.4,45.61
653.3,378.4,180.4,3.8,3.9,41.35
446.2,400.7,116.1,3.6,0.6,30.84
321.6,300.2,188.0,4.6,3.8,35.03
661.1,389.7,137.6,5.9,2.2,43.27
303.2,296.8,168.7,5.3,0.7,31.3
682.8,271.4,182.5,6.2,2.4,44.32
636.8,341.4,200.8,3.1,0.2,35.13
543.3,343.6,181.6,6.5,1.7,40.45
542.1,330.2,179.0,4.3,3.8,43.59
469.6,382.6,185.3,4.3,0.3,31.73
272.9,320.2,163.3,3.9,2.4,27.71
390.4,367.8,190.8,6.9,3.9,46.37
305.8,308.4,171.8,4.4,1.9,33.05
369.4,287.4,120.6,4.3,1.5,30.77
531.2,287.5,205.2,3.7,1.3,35.6
513.6,298.5,193.9,5.2,2.1,38.63
476.9,297.8,112.5,7.3,2.0,37.96
694.5,281.8,148.8,3.2,2.0,35.22
655.3,356.9,161.8,5.4,3.4,42.18
445.4,395.9,190.0,6.4,1.5,42.65
431.3,342.5,131.4,5.5,0.3,32.93
479.5,375.7,140.8,7.5,2.7,42.01
300.2,411.7,153.3,6.6,1.4,36.27
681.6,374.1,131.9,5.3,2.0,41.6
266.1,268.4,146.6,5.1,1.8,29.53
526.9,333.2,146.1,5.8,0.7,35.29
705.6,371.4,142.9,4.5,3.3,42.09
492.5,366.2,143.0,6.7,1.5,40.55
558.3,412.6,174.2,6.6,2.9,44.16
564.9,249.6,162.2,7.4,3.1,43.74
605.9,343.8,189.4,5.6,0.7,40.37
537.5,351.0,202.5,3.7,2.7,34.52
259.7,407.1,122.1,3.1,1.3,23.07
315.4,363.1,155.1,6.5,3.7,38.32
650.9,370.8,116.9,3.6,0.8,33.03
396.1,358.2,167.8,4.4,0.7,32.68
669.1,303.5,149.0,6.5,2.9,47.45
544.1,363.6,177.1,3.9,1.0,36.39
504.5,283.5,217.0,4.3,1.2,35.25
341.4,365.6,144.9,4.6,3.7,35.12
614.9,291.8,123.4,6.0,1.5,36.86
700.8,384.9,215.0,6.6,1.2,46.65
378.7,367.1,148.1,5.0,1.0,32.43
467.8,279.6,169.2,7.2,2.8,43.16
308.8,350.3,174.6,4.1,2.7,31.06
491.9,354.1,115.8,4.9,2.9,37.42
291.8,376.8,110.6,5.5,3.7,38.28
434.2,404.9,206.6,5.1,0.8,36.75
693.2,299.9,181.0,7.1,0.4,44.76
512.0,336.5,189.5,7.2,3.7,47.8
326.4,395.9,129.3,7.1,4.0,40.59
429.6,329.7,213.0,7.3,3.7,46.31
652.7,246.6,172.5,3.5,3.9,38.28
377.3,414.1,169.8,5.2,3.8,39.44
640.7,325.0,131.2,3.5,0.6,31.04
458.4,289.0,130.5,6.3,3.2,39.32
509.0,374.5,129.3,6.9,3.6,44.62
629.6,333.1,119.5,6.0,0.7,41.32
310.4,300.3,137.3,4.2,0.9,29.97
595.5,408.1,143.2,6.3,0.0,43.82
549.0,363.5,116.8,3.5,1.2,30.12
433.5,330.9,208.5,6.2,1.2,41.02
299.6,401.7,142.5,5.8,0.9,33.93
307.1,271.2,192.3,5.7,1.7,39.08
500.4,325.5,169.1,6.0,0.9,36.39
360.1,374.1,206.0,3.4,1.8,30.57
572.3,258.4,172.1,3.3,2.2,32.56
480.1,342.9,126.5,4.5,2.1,29.96
299.1,280.1,174.1,3.4,2.0,27.6
621.0,322.5,166.5,5.1,0.2,35.45
460.0,383.0,189.6,4.8,3.3,39.78
591.8,343.9,115.0,4.6,0.3,34.23
707.3,404.8,117.6,7.2,0.1,46.82
435.1,376.5,194.2,7.4,2.6,46.42
440.5,414.8,152.1,6.9,3.6,42.61
419.7,361.7,182.8,5.4,2.6,36.73
406.7,275.5,169.1,5.4,2.9,37.86
348.6,245.6,112.5,4.3,2.7,27.32
498.2,336.0,200.6,4.1,1.4,39.04
373.2,405.3,189.8,3.5,3.2,37.04
439.9,376.0,207.2,3.1,0.8,30.74
291.9,250.7,175.8,6.2,0.2,29.0
589.4,313.8,135.8,4.0,3.5,39.88
271.2,331.2,141.8,6.7,2.9,36.93
393.3,347.2,184.0,4.4,1.2,35.71
311.6,357.9,134.3,4.4,0.2,25.08
686.1,395.4,210.3,5.8,1.7,43.92
475.5,411.3,213.6,6.0,3.1,43.88
393.2,316.2,126.4,4.7,3.0,34.01
465.2,390.2,143.1,6.2,3.2,40.28
670.4,341.2,216.5,5.5,0.5,42.93
357.9,279.8,181.1,7.2,3.4,39.56
288.0,368.9,131.0,4.2,2.7,30.8
525.4,394.4,130.7,6.4,2.9,42.24
504.9,327.0,205.6,4.5,3.8,41.21
252.1,405.3,215.8,3.5,4.0,35.93
467.7,286.5,176.5,3.9,3.7,33.76
501.7,377.6,151.9,5.4,1.4,34.31
366.6,332.7,164.7,3.4,3.9,35.82
463.3,388.6,210.6,4.7,1.7,38.48
506.6,282.8,126.1,4.2,3.7,33.97
514.3,316.4,126.8,4.5,1.5,36.71
632.5,330.4,182.0,6.1,1.0,41.87
627.0,410.3,180.6,5.2,0.7,42.33
614.7,273.9,189.2,5.2,3.7,42.66
497.1,354.7,116.5,3.2,3.4,37.14
684.5,359.3,194.1,4.9,3.4,47.7
352.6,365.9,111.0,5.3,1.5,31.98
532.3,359.0,177.8,5.2,2.0,41.09
248.1,339.3,111.3,5.4,1.1,30.94
699.5,247.9,199.4,6.0,3.2,48.22
668.0,263.3,120.6,3.7,0.8,30.65
489.8,384.4,139.4,4.8,1.5,36.76
433.8,341.6,218.9,4.0,2.7,38.72
639.3,356.8,204.4,6.4,0.4,39.4
421.4,339.5,116.2,3.0,0.7,24.35
477.4,319.2,196.3,5.5,3.4,36.96
289.3,335.3,114.7,4.0,3.5,30.11
657.7,326.3,115.1,3.3,3.7,37.89
663.2,341.4,113.6,7.2,1.3,45.88
692.1,345.4,192.7,6.2,1.6,44.78
280.8,272.8,136.5,6.8,1.6,37.83
661.9,301.7,193.1,3.6,4.0,37.73
581.7,330.6,217.2,3.2,1.7,32.42
635.0,303.2,194.6,7.3,1.6,45.57
604.7,250.1,140.1,7.5,2.0,43.97
410.5,405.9,157.5,6.1,2.6,39.68
284.8,350.8,197.8,6.2,0.3,30.69
316.7,366.7,179.7,6.3,1.3,36.54
294.5,245.9,143.9,4.6,1.1,25.88
306.6,277.0,159.4,5.5,1.6,34.15
257.2,305.5,120.2,5.7,1.3,31.47
424.1,294.9,152.7,3.4,3.6,31.03
665.9,412.3,172.9,3.8,1.5,37.14
309.6,296.5,164.2,3.3,1.7,25.89
440.8,327.8,118.5,4.1,1.0,30.1
535.6,346.5,131.5,3.5,1.2,33.63
686.2,301.8,178.2,6.6,1.3,41.86
400.7,384.4,204.5,7.4,0.5,42.22
394.1,407.0,132.1,4.4,3.9,35.06
695.5,294.8,186.4,5.2,2.3,40.65
357.7,309.3,199.8,4.8,0.5,32.32
507.2,346.3,170.0,6.1,2.2,38.62
688.1,323.9,187.9,5.0,1.2,39.33
567.2,385.0,197.5,4.8,2.0,37.62
539.5,286.4,182.5,6.2,3.2,46.62
279.4,414.4,162.7,4.8,2.0,33.38
673.0,363.3,169.8,6.6,1.4,42.9
661.4,336.8,180.2,3.4,3.1,39.07
550.8,305.7,181.2,3.2,3.9,36.47
560.0,313.3,192.8,7.3,1.7,43.97
249.9,289.2,166.2,5.3,2.3,33.91
512.5,321.2,153.0,6.5,2.4,42.55
477.7,304.0,112.7,3.5,1.7,28.86
692.2,264.8,213.5,3.6,1.2,36.0
456.7,280.4,163.1,5.1,1.8,34.76
569.0,299.5,143.0,6.6,0.5,34.24
639.9,355.8,184.5,3.7,3.9,37.58
358.4,274.8,127.6,5.5,3.8,38.58
352.8,314.3,130.3,5.9,1.7,37.57
258.6,350.0,131.7,5.7,1.6,31.84
572.7,280.2,192.8,6.6,0.3,41.47
292.3,394.1,130.6,4.5,1.8,31.55
367.0,392.5,168.0,5.9,2.4,44.46
529.3,345.4,148.3,6.8,2.5,44.69
623.4,365.7,142.7,5.8,0.3,38.36
307.3,265.2,143.6,3.8,2.8,27.66
482.5,316.5,125.2,4.7,0.7,28.99
540.5,363.6,181.0,7.5,2.2,45.96
472.7,269.0,144.6,5.0,0.2,30.56
412.0,246.6,125.0,6.7,3.9,36.69
480.0,329.6,185.3,4.9,3.4,38.01
472.2,259.1,113.4,6.4,1.2,33.5
372.8,336.9,128.5,5.1,3.0,38.27
601.2,339.0,122.5,3.5,3.1,37.17
627.8,307.7,200.5,3.2,2.9,37.53
499.1,414.3,121.3,6.7,3.0,45.26
383.4,415.9,159.5,4.6,3.3,36.89
449.2,415.0,195.3,4.1,3.2,36.35
518.4,305.0,188.2,5.8,0.7,41.07
309.7,280.3,132.8,3.3,1.4,27.14
375.7,337.1,145.6,6.2,1.2,33.62
369.3,391.7,218.4,6.1,0.4,37.47
692.7,379.4,211.1,7.5,3.5,50.0
304.0,393.1,137.5,6.2,3.3,35.16
599.1,360.6,163.8,5.6,1.1,41.45
437.6,322.3,179.7,7.0,0.4,42.69
484.8,292.6,213.0,4.7,3.8,37.26
397.2,245.4,195.2,6.3,2.9,40.66
458.2,358.6,149.4,3.3,2.1,30.62
346.3,318.5,133.3,4.2,3.3,31.51
402.1,343.8,172.3,5.2,1.4,34.01
562.4,253.3,121.0,6.5,1.8,37.11
302.8,391.7,158.5,3.0,3.8,31.57
339.1,362.7,124.5,5.9,0.6,31.19
678.7,291.9,182.0,4.1,1.5,38.27
665.3,273.3,153.6,4.4,2.8,38.65
353.9,357.1,187.4,3.0,1.9,29.8
306.7,283.7,184.8,3.0,2.8,27.67
625.0,414.0,156.5,3.6,0.3,33.27
423.1,370.0,121.3,4.4,3.5,36.62
308.8,377.3,192.8,3.6,4.0,35.55
311.4,335.7,110.9,5.9,1.8,31.19
580.9,352.4,126.7,4.9,2.7,38.47
644.9,259.8,121.1,6.4,2.4,42.74
423.6,409.7,144.6,3.6,1.1,27.71
284.2,339.6,176.0,5.7,3.1,37.8
566.1,390.0,182.4,4.4,2.1,37.29
481.9,372.9,142.5,3.2,3.6,35.47
688.9,329.6,122.4,5.2,2.4,38.69
490.7,412.2,218.6,7.2,0.5,39.88
645.3,342.2,150.2,6.1,3.1,40.69
688.8,376.7,111.8,3.3,1.0,33.74
263.5,255.3,196.8,5.3,2.5,34.49
478.0,316.0,187.2,3.4,2.1,31.63
531.5,292.4,144.1,5.3,0.8,36.51
620.7,336.7,153.0,5.9,3.3,39.96
561.7,256.3,186.9,6.3,3.4,43.27
271.9,259.7,157.8,5.0,2.4,29.32
388.8,371.8,191.5,3.5,2.8,32.66
571.2,273.0,214.8,5.4,3.1,42.36
580.2,273.6,124.0,6.5,1.1,36.85
657.2,376.9,113.2,6.6,1.1,40.71
274.7,366.8,173.4,3.3,1.8,30.89
412.5,330.4,172.4,4.7,1.0,32.2
292.9,343.1,189.5,4.0,2.0,33.26
265.5,392.6,136.9,5.1,1.5,29.42
314.8,404.2,204.3,5.5,3.7,40.89
589.4,316.7,145.4,4.9,2.9,41.84
371.1,258.3,151.0,5.3,3.6,31.04
328.4,382.5,218.0,7.3,0.3,38.13
461.3,293.3,202.9,4.5,2.2,37.45
248.7,279.3,172.0,4.4,2.5,30.39
460.7,346.2,164.3,6.5,0.8,39.17
663.7,375.0,137.0,3.0,1.6,33.07
353.3,304.2,202.4,6.9,3.8,42.85
245.7,357.4,203.4,6.3,0.4,34.45
491.4,285.7,164.1,3.3,4.0,37.26
575.9,260.9,211.3,7.0,2.1,45.04
570.9,308.7,217.2,3.4,0.4,34.51
307.1,385.2,118.2,5.6,1.7,32.37
693.4,285.5,138.7,4.4,3.2,38.52
570.8,370.7,145.0,4.2,0.3,32.86
339.3,378.4,174.3,3.7,0.7,30.52
461.7,314.5,169.0,7.3,0.8,39.32
388.4,290.3,123.2,3.7,2.7,30.93
629.3,364.2,114.4,6.8,1.3,45.73
287.4,287.4,149.1,5.3,2.7,35.07
366.0,414.4,113.4,4.8,1.8,32.12
592.9,287.7,160.8,6.6,0.6,42.41
250.6,387.0,218.1,3.6,3.3,32.67
418.1,352.8,180.9,5.6,1.0,32.31
622.9,248.7,117.1,7.1,1.8,39.31
304.9,399.8,201.2,4.5,0.2,27.95
459.4,273.7,173.1,6.7,1.6,38.66
258.7,361.8,129.0,4.0,0.7,26.85
375.1,396.1,113.8,5.8,1.0,37.35
382.2,315.5,170.6,3.3,1.1,29.75
308.8,279.1,207.3,5.4,2.5,35.47
618.0,380.9,218.8,6.5,1.4,46.83
498.2,327.9,210.4,5.3,1.6,34.53
328.6,299.5,134.1,7.0,3.1,39.05
272.2,414.6,168.2,6.5,4.0,42.18
697.9,262.1,182.3,4.2,3.3,37.67
671.5,254.6,219.6,4.0,3.4,43.42
615.8,305.7,202.3,6.8,0.7,43.72
520.5,382.9,186.7,7.1,0.1,40.69
570.8,407.0,172.0,5.5,0.8,40.62
704.4,395.8,164.1,4.4,2.0,45.13
287.0,284.8,134.1,5.4,0.0,29.24
671.8,279.5,124.4,6.2,3.7,44.15
637.6,300.3,112.4,5.6,3.7,40.38
605.1,389.7,204.7,7.3,1.5,44.94
683.0,312.6,121.1,4.4,0.5,36.6
318.2,407.2,197.1,7.3,2.6,40.79
326.0,410.7,186.3,7.2,3.1,42.93
348.8,345.7,129.3,4.4,2.8,31.58
304.2,369.6,214.4,7.3,1.6,41.81
707.3,410.0,113.6,5.7,3.7,45.31
694.9,282.8,172.2,7.2,0.6,46.0
591.6,285.7,218.1,3.8,3.5,38.57
286.3,366.2,180.3,7.0,1.8,38.09
368.3,287.7,117.5,4.2,0.4,25.52
245.6,311.0,190.6,7.4,3.5,40.06
474.3,309.8,170.1,3.5,1.9,33.29
646.8,356.3,185.6,3.7,0.3,36.92
638.3,295.4,145.1,7.3,0.3,39.86
324.1,309.2,190.5,5.5,3.6,39.63
288.3,346.6,177.5,5.2,0.1,33.93
683.2,273.2,207.9,3.7,0.4,36.75
340.6,277.5,186.7,6.2,2.9,42.05
368.3,293.1,136.1,3.2,2.3,27.11
635.5,271.3,149.7,4.9,1.2,34.33
552.8,347.6,132.0,3.1,0.7,26.79
380.7,259.0,202.8,4.4,1.6,36.0
472.4,358.0,120.0,5.4,0.7,35.48
656.8,308.2,159.0,4.2,1.9,37.36
350.2,290.9,116.8,6.4,2.7,36.65
284.9,303.8,169.6,7.4,2.4,36.89
502.4,388.8,200.0,4.9,2.1,44.17
648.1,326.2,207.0,5.1,0.3,39.59
664.8,367.1,165.2,7.1,3.2,48.18
560.1,351.1,123.2,6.4,0.7,39.9
702.7,411.2,198.9,3.6,1.7,40.69
704.6,319.5,219.7,5.8,3.3,47.57
364.9,400.7,210.6,3.3,1.6,30.8
429.8,300.8,140.4,5.1,3.5,37.67
610.7,351.5,167.5,4.9,1.7,42.75
313.9,345.5,193.4,7.2,3.7,45.44
506.6,262.3,141.5,5.4,1.4,38.51
436.1,310.5,163.4,5.7,0.1,33.29
373.1,269.6,177.0,6.1,0.2,32.16
658.7,301.7,136.1,6.4,3.7,44.44
662.1,248.5,199.9,4.4,1.1,37.73
473.6,364.0,120.8,6.9,0.5,39.95
698.0,320.8,200.8,4.2,1.7,36.47
545.2,277.1,133.3,6.7,3.0,44.7
598.2,393.3,200.3,5.3,0.6,39.71
389.7,331.7,124.9,6.8,3.5,39.16
258.5,278.0,201.6,6.8,1.0,33.88
457.2,402.0,187.5,4.2,3.3,34.81
479.9,353.7,123.6,3.1,1.5,31.49
521.2,275.4,205.8,5.6,1.4,39.03
321.0,398.0,192.4,6.1,1.1,34.41
424.8,272.9,172.9,7.3,3.4,40.27
546.0,360.9,139.6,4.8,0.1,33.4
607.8,376.3,111.0,7.1,2.6,47.23
524.5,246.4,137.8,6.6,1.2,37.48
694.7,354.9,156.6,4.7,1.4,36.33
362.2,324.8,184.5,6.7,1.6,38.15
292.6,332.5,182.9,6.8,1.5,36.86
546.0,349.1,142.8,3.5,0.3,25.67
704.6,354.5,204.8,4.2,2.8,42.19
660.0,296.1,126.5,6.4,3.6,43.64
619.5,382.2,176.0,6.0,2.7,45.61
580.4,357.1,219.7,4.2,1.7,42.5
425.5,251.0,187.9,5.6,0.8,37.24
582.8,283.0,168.8,6.5,3.6,43.77
557.4,331.8,203.0,6.8,3.5,44.28
329.2,261.7,124.1,4.2,3.2,35.92
599.8,276.3,184.8,4.5,0.4,35.5
410.2,372.3,143.8,6.5,1.3,37.77
366.2,295.3,203.6,5.1,3.5,37.85
516.4,406.5,117.8,7.0,2.0,42.03
648.4,310.3,142.8,3.2,3.4,36.15
308.9,279.3,155.0,5.6,3.6,34.82
457.8,299.1,188.7,6.5,2.0,39.35
538.4,275.2,179.8,3.0,1.1,31.17
599.0,273.8,194.1,5.2,3.1,40.41
285.9,350.1,179.7,4.8,3.9,34.58
423.2,251.5,131.9,4.7,0.1,29.63
394.8,387.5,131.0,6.0,2.5,37.19
360.7,363.6,147.9,3.6,1.5,32.84
518.7,273.6,200.6,4.3,1.2,29.75
583.4,347.0,147.2,7.0,4.0,48.44
404.4,399.1,149.5,3.8,3.8,37.75
672.0,314.0,135.1,6.3,0.5,35.91
586.3,345.8,128.6,4.6,2.6,36.77
262.4,394.9,138.1,5.4,0.2,29.75
707.5,358.2,181.9,3.1,2.8,35.93
438.8,310.0,170.2,5.1,0.6,32.33
568.3,352.8,143.1,6.0,2.6,39.06
370.5,348.6,125.1,6.7,0.4,38.5
579.2,265.1,122.5,3.5,0.8,32.28
337.9,290.0,167.5,3.9,2.8,34.3
382.3,251.7,164.6,3.9,3.7,34.75
398.7,245.5,183.9,7.1,3.3,39.45
556.1,270.5,119.9,5.3,2.9,36.53
292.1,288.8,135.4,7.4,1.2,36.87
460.9,262.1,129.2,3.2,1.2,25.67
617.7,298.5,191.2,3.4,3.0,38.91
266.3,390.7,183.0,3.8,1.4,29.63
448.5,351.3,206.6,3.4,3.3,35.2
330.0,313.5,215.9,4.2,1.5,34.11
640.6,381.8,181.4,6.6,0.5,43.93
568.7,255.0,213.7,3.7,1.7,34.83
519.7,382.2,184.6,3.8,1.5,37.58
411.7,249.9,185.3,6.8,3.9,40.08
305.8,402.4,122.4,4.9,0.2,30.83
366.6,298.7,187.5,6.1,3.1,40.4
513.1,341.6,217.6,6.0,1.4,40.57
488.2,364.8,120.5,6.0,1.0,37.21
405.8,360.6,152.3,6.8,2.2,37.41
704.3,254.3,180.8,3.7,3.4,41.33
641.1,393.7,118.2,5.2,1.0,37.59
696.1,253.6,134.5,5.9,1.6,39.21
354.3,323.5,198.1,5.0,3.4,39.56
452.9,265.3,164.7,5.9,0.4,33.57
436.7,340.3,110.0,3.4,2.4,27.52
532.9,297.1,165.9,3.9,2.7,32.44
686.9,307.1,116.0,4.0,1.8,36.9
505.5,351.0,162.0,6.0,2.9,38.64
298.0,374.8,134.4,4.5,3.3,36.67
693.5,294.9,167.4,6.2,0.2,36.63
321.3,269.0,188.9,6.2,0.4,37.51
529.0,277.1,212.3,4.8,1.8,38.35
608.4,367.6,121.9,4.9,3.7,40.16
634.4,345.7,194.9,5.0,2.6,40.98
689.6,268.0,164.9,5.4,0.2,39.01
679.9,388.4,163.1,5.3,3.7,44.67
327.4,343.9,190.4,3.6,1.5,32.78
524.3,395.9,165.5,4.7,3.9,40.87
670.9,375.4,140.1,7.3,3.9,49.05
455.6,267.8,155.4,6.2,3.0,38.62
384.0,365.0,204.7,6.2,3.7,42.28
539.2,279.4,178.7,4.3,1.4,35.59
557.7,412.8,181.5,7.3,2.0,42.44
567.9,300.1,122.7,4.6,1.9,32.42
510.3,359.1,155.9,6.4,3.4,44.42
378.0,389.9,198.9,5.4,0.1,35.36
312.6,359.6,132.0,6.4,0.6,33.46
378.3,287.8,202.3,6.1,1.2,37.06
595.4,250.5,199.5,3.5,3.5,38.34
588.9,392.9,191.7,5.5,1.0,39.51
609.7,381.6,141.6,6.0,3.7,42.58
425.2,408.6,217.3,4.4,2.2,38.02
251.0,288.0,178.3,6.5,3.5,36.02
630.9,400.9,187.5,5.9,3.0,46.2
499.2,348.2,195.4,7.3,1.2,39.67
327.5,361.7,130.6,3.8,2.1,31.91
420.4,318.3,171.2,3.6,2.3,33.43
363.6,301.5,188.1,3.7,0.6,29.98
395.0,253.7,212.6,5.8,2.6,40.57
473.1,342.9,149.4,6.5,1.3,42.11
347.3,276.4,117.5,5.3,1.7,33.62
494.7,260.7,134.3,4.0,1.3,27.44
412.8,282.4,192.8,5.4,4.0,37.14
628.0,412.8,111.0,6.0,1.8,39.64
665.6,349.9,178.3,7.3,2.7,48.04
394.2,401.6,213.9,4.7,2.2,38.55
376.5,400.8,200.4,4.7,3.2,36.66
452.2,252.5,208.8,3.9,2.1,34.46
685.9,273.6,215.2,5.4,0.0,38.42
275.4,359.6,195.1,6.9,1.7,37.28
293.3,337.0,187.3,7.4,3.1,38.75
545.7,405.7,192.2,3.7,1.8,34.79
399.2,260.0,116.0,6.6,2.2,33.62
512.4,283.9,138.5,4.7,2.5,33.59
446.4,247.9,184.1,5.4,2.6,39.52
532.5,374.3,174.4,6.2,0.3,37.29
676.5,263.1,196.6,4.4,0.3,42.06
600.9,319.8,153.5,6.0,1.9,41.79
493.1,268.3,153.0,6.6,2.2,40.18
691.5,269.6,184.5,7.1,3.2,46.09
584.1,308.8,214.4,5.5,2.2,43.34
302.3,245.9,175.6,5.4,3.8,34.81
386.7,373.0,209.4,4.5,1.7,35.75
545.4,332.6,127.7,4.0,3.3,41.08
335.4,276.0,198.0,6.8,3.4,40.68
678.6,415.0,160.7,5.5,1.2,44.07
276.3,261.8,189.8,5.2,1.3,30.59
304.6,357.1,121.0,5.8,3.6,36.12
392.8,322.1,177.8,4.4,2.3,37.79
